<?xml version="1.0" encoding="UTF-8"?>
<Window caption="0,0,0,36" size="135,210" bktrans="true" maxsize="135,210" roundcorner="4,4">
	<VerticalLayout  bkcolor="#FFFFFFFF" bordersize="1" bordercolor="#FAFAFA">
    <Option name="OptWordSort1" text="    新旧排序"  font="1" float="true" pos="1,10"  align="left" hottextcolor="#FFF44C4C" pushedtextcolor="#FFF44C4C" bkimage="icons/OptionBkImage.png"   hotimage="icons/OptionHoverSelect.png" group="ClassifyGroup" selectedimage="icons/OptionHoverSelect.png" />
    <Option name="OptWordSort2" text="    旧新排序" font="1" float="true" pos="1,42"  align="left" hottextcolor="#FFF44C4C" pushedtextcolor="#FFF44C4C" bkimage="icons/OptionBkImage.png"  hotimage="icons/OptionHoverSelect.png" group="ClassifyGroup" selectedimage="icons/OptionHoverSelect.png" />
    <Option name="OptWordSort3" text="    字母A-Z排序"  font="1" float="true" pos="1,74" align="left" width="132" height="32" hottextcolor="#FFF44C4C" pushedtextcolor="#FFF44C4C" bkimage="icons/OptionBkImage.png"   hotimage="icons/OptionHoverSelect.png" group="ClassifyGroup" selectedimage="icons/OptionHoverSelect.png" />
    <Option name="OptWordSort4" text="    字母Z-A排序" font="1" float="true" pos="1,106" align="left" width="132" height="32" hottextcolor="#FFF44C4C" pushedtextcolor="#FFF44C4C" bkimage="icons/OptionBkImage.png"  hotimage="icons/OptionHoverSelect.png" group="ClassifyGroup" selectedimage="icons/OptionHoverSelect.png" />
	<Option name="OptWordSort5" text="    复习进度快-慢排序"  font="1" float="true" align="left" pos="1,138" width="132" height="32" hottextcolor="#FFF44C4C" pushedtextcolor="#FFF44C4C" bkimage="icons/OptionBkImage.png"   hotimage="icons/OptionHoverSelect.png" group="ClassifyGroup" selectedimage="icons/OptionHoverSelect.png" />
    <Option name="OptWordSort6" text="    复习进度慢-快排序" font="1" float="true" align="left" pos="1,170" width="132" height="32" hottextcolor="#FFF44C4C" pushedtextcolor="#FFF44C4C" bkimage="icons/OptionBkImage.png"  hotimage="icons/OptionHoverSelect.png" group="ClassifyGroup" selectedimage="icons/OptionHoverSelect.png" />
	</VerticalLayout>
</Window>