<?xml version="1.0" encoding="UTF-8"?>
<Window caption="0,0,0,36" size="84,210" bktrans="true" maxsize="84,210" roundcorner="4,4">
	<VerticalLayout  bkcolor="#FFFFFFFF" bordersize="1" bordercolor="#FAFAFA">
    <Option name="OptWordManager1" text="    添加单词"  font="1" float="true" pos="1,10"  align="left" hottextcolor="#FFF44C4C" pushedtextcolor="#FFF44C4C" bkimage="icons/OptionBkImage.png"   hotimage="icons/OptionHoverSelect.png" group="ClassifyGroup" selectedimage="icons/OptionHoverSelect.png" />
    <Option name="OptWordManager2" text="    批量管理" font="1" float="true" pos="1,42"  align="left" hottextcolor="#FFF44C4C" pushedtextcolor="#FFF44C4C" bkimage="icons/OptionBkImage.png"  hotimage="icons/OptionHoverSelect.png" group="ClassifyGroup" selectedimage="icons/OptionHoverSelect.png" />
    <Option name="OptWordManager3" text="    分类管理"  font="1" float="true" pos="1,74" align="left" width="84" height="32" hottextcolor="#FFF44C4C" pushedtextcolor="#FFF44C4C" bkimage="icons/OptionBkImage.png"   hotimage="icons/OptionHoverSelect.png" group="ClassifyGroup" selectedimage="icons/OptionHoverSelect.png" />
    <Option name="OptWordManager4" text="    导入单词" font="1" float="true" pos="1,106" align="left" width="84" height="32" hottextcolor="#FFF44C4C" pushedtextcolor="#FFF44C4C" bkimage="icons/OptionBkImage.png"  hotimage="icons/OptionHoverSelect.png" group="ClassifyGroup" selectedimage="icons/OptionHoverSelect.png" />
	<Option name="OptWordManager5" text="    导出单词"  font="1" float="true" align="left" pos="1,138" width="84" height="32" hottextcolor="#FFF44C4C" pushedtextcolor="#FFF44C4C" bkimage="icons/OptionBkImage.png"   hotimage="icons/OptionHoverSelect.png" group="ClassifyGroup" selectedimage="icons/OptionHoverSelect.png" />
    <Option name="OptWordManager6" text="    偏好设置" font="1" float="true" align="left" pos="1,170" width="84" height="32" hottextcolor="#FFF44C4C" pushedtextcolor="#FFF44C4C" bkimage="icons/OptionBkImage.png"  hotimage="icons/OptionHoverSelect.png" group="ClassifyGroup" selectedimage="icons/OptionHoverSelect.png" />
	</VerticalLayout>
</Window>