﻿<?xml version="1.0" encoding="utf-8"?>
<Windows>
   <VerticalLayout>
   	<VerticalLayout width="310" height="320" bkimage="file='bgtop.png'">
	
	</VerticalLayout>
	<VerticalLayout width="310"  bkcolor="#FFFAFAFA" >
	
	<Button name="btn_install" padding="37,20,0,0" width="240" height="38" normalimage="btn_installation_normal.png" hotimage="btn_installation_hovered.png" pushedimage="form\btn_installation_pressed.png" disabledimage="btn_installation_disable.png" font="2" textcolor="0xffffffff" disabledtextcolor="0xffffffff" margin="0,10,0,0"  />
	
	<VerticalLayout name="more_config_info" visible="false" padding="15,5,0,0" width="330" height="95">
		 <HorizontalLayout height="23" padding="1,5,0,0">
        <Label font="0" name="label_space" textcolor="#FF999999" width="160" text="所需空间:1.31M" />
		<Label font="0" name="local_space" width="135" textcolor="#FF999999"  />
		<Control />
     </HorizontalLayout>
	
	  <HorizontalLayout height="30" >
      <RichEdit name="edit_dir" text="" textcolor="0xFF000000" inset="5,7,2,2" bkimage="edit.png" autohscroll="false" bordervisible="true"   wantreturn="false" wantctrlreturn="false" multiline="false" width="224" />
      <Control width="1" />
      <Button name="btn_select_dir" width="50" height="30" normalimage="modify1.png" hotimage="modify2.png" pushedimage="modify3.png"  />      
      </HorizontalLayout>
	  <Control height="10"/>
	 <HorizontalLayout height="23" >
      <CheckBox name="ckbox_shortcut" width="80"  text="快捷方式" textcolor="#FF000000" selected="false" valign="center" align="left" textpadding="18,2,0,0" normalimage="file='checkbox.png' source='0,0,13,13' dest='0,6,13,19'" normalhotimage="file='checkbox.png' source='0,0,13,13' dest='0,6,13,19'" selectedimage="file='checkbox.png' source='0,26,13,39' dest='0,6,13,19'" selectedhotimage="file='checkbox.png' source='0,26,13,39' dest='0,6,13,19'"/>
      <Control width="40"/>
     </HorizontalLayout>
	 </VerticalLayout>
	 <Control />
	 
	<HorizontalLayout height="23" >
      <Control width="15" />
      <CheckBox name="ckbox_agree" width="55"  text="同意" textcolor="#FF000000" selected="true" valign="center" align="left" textpadding="18,2,0,0" normalimage="file='checkbox.png' source='0,0,13,13' dest='0,6,13,19'" normalhotimage="file='checkbox.png' source='0,0,13,13' dest='0,6,13,19'" selectedimage="file='checkbox.png' source='0,26,13,39' dest='0,6,13,19'" selectedhotimage="file='checkbox.png' source='0,26,13,39' dest='0,6,13,19'"/>
      <Button name="btn_agreement" width="90"  text="《示例协议》" textpadding="0,2,0,0" textcolor="0xFF2786e4" align="left" />
	  <Control />
	  <Button name="btn_show_more"  normalimage="file='arrow_down.png' source='0,0,15,15' dest='0,5,15,20'" hotimage="file='arrow_down.png' source='0,15,15,30' dest='0,5,15,20'" pushedimage="file='arrow_down.png' source='0,30,15,45' dest='0,5,15,20'" width="85" text="自定义选项" textpadding="20,1,0,0" textcolor="0xFF2786e4" align="left"/>
	  <Button name="btn_hide_more" visible="false" normalimage="file='arrow_up.png' source='0,0,15,15' dest='0,5,15,20'" hotimage="file='arrow_up.png' source='0,15,15,30' dest='0,5,15,20'" pushedimage="file='arrow_up.png' source='0,30,15,45' dest='0,5,15,20'" width="85" text="自定义选项" textpadding="20,1,0,0" textcolor="0xFF2786e4" align="left" />
      <Control width="15" />
     </HorizontalLayout>	 
    <Control height="10" />
	</VerticalLayout>
   
   </VerticalLayout>
</Windows>