﻿<?xml version="1.0" encoding="utf-8"?>
<Windows>
<!-- 完成 -->
 <VerticalLayout >
    <VerticalLayout width="310" height="320" bkimage="file='uninstall_bg1.png'">
	<VerticalLayout bkimage="file='bgtop.png'"></VerticalLayout>
	</VerticalLayout>
	<VerticalLayout bkcolor="#FFFAFAFA">	
	<Button name="btn_exec" padding="72,24,0,0"  normalimage="finish.png" pushedimage="finish@x2.png" hotimage="finish@x1.png" font="3" bkcolor="0xFF67BF30" textcolor="0xFFFFFFFF"  borderround="4,4" height="50" width="160" />
	

	
	</VerticalLayout>
 </VerticalLayout>
</Windows>