﻿<?xml version="1.0" encoding="utf-8"?>
<Window size="310,440" sizebox="0,0,0,0" caption="0,0,0,220"  bktrans="true" >
  <Font id="0" name="微软雅黑" size="12" bold="false" default="true" shared="true"/>
  <Font id="1" name="微软雅黑" size="12" bold="true" shared="true" />
  <Font id="2" name="微软雅黑" size="24" bold="false" shared="true" />
  <Font id="3" name="微软雅黑" size="16" bold="false" shared="true" />
  <Font id="4" name="宋体" size="32" bold="false" shared="true" />
  <Font id="5" name="微软雅黑" size="14" bold="false" shared="true" />
  
<Include source="default.xml" />
  <VerticalLayout>  	
	  <TabLayout name="wizard_setup_tab"  >
	  	<Include source="configpage.xml" />
	    <Include source="installingpage.xml" />		
	  	<Include source="finishpage.xml" />
	  	<Include source="uninstallpage.xml" />
		<Include source="uninstallingpage.xml" />		
	  	<Include source="uninstallfinishpage.xml" />
    </TabLayout>
	<HorizontalLayout float="true" pos="0,8,562,32" >
      	<Container enabled="true" width="243" height="26" />
        <Button name="btn_min" width="30" height="26" normalimage="file='min1.png' source='0,0,30,26'" hotimage="file='min1.png' source='0,26,30,52'" pushedimage="file='min1.png' source='0,52,30,78'" />
        <Button name="btn_close" width="30" height="26" normalimage="file='close1.png' source='0,0,30,26'" hotimage="file='close1.png' source='0,26,30,52'" pushedimage="file='close1.png' source='0,52,30,78'" />
     </HorizontalLayout> 
  </VerticalLayout>
</Window>
