﻿<?xml version="1.0" encoding="utf-8"?>
<Windows>
<!-- 进度 -->
  <VerticalLayout >
    <VerticalLayout width="310" height="320" bkimage="bgtop.png">
	
	</VerticalLayout>
	<VerticalLayout bkcolor="#FFFAFAFA"  >   
	<Control height="30" />
	<Slider name="slr_progress" padding="25,0,0,0" height="3" width="260" mouse="false" foreimage="process_top.png" bkimage="process_bottom.png" thumbsize="0,0" bkcolor="#FFD8D8D8"  />
	<HorizontalLayout height="20" padding="25,15,0,0">
	<Label font="0" name="progress_tip" width="90" textcolor="#ff555555" text="正在安装" />
	<Control />
	<Label font="0" name="progress_pos" width="55" textalign="right" textcolor="#ff555555" />
	</HorizontalLayout>
	<Control />
	</VerticalLayout>	
	</VerticalLayout >
</Windows>