﻿<?xml version="1.0" encoding="utf-8"?>
<Windows>
  <VerticalLayout >
    <VerticalLayout width="310" height="320" bkimage="file='bgtop.png'">
	<Control height="290" />
	</VerticalLayout>
	<VerticalLayout bkcolor="#FFFAFAFA"  >	
	<Slider name="slr_uninst_progress" padding="25,35,0,0" height="3" width="260" mouse="false" foreimage="uninst_process_top.png" bkimage="uninst_process_bottom.png" thumbsize="0,0" bkcolor="#FFDB4C4C"  />
	<HorizontalLayout height="20" padding="25,15,0,0">
	<Label font="0" name="un_progress_tip" width="90" textcolor="#ff555555" text="正在卸载" />
	<Control />
	<Label font="0" name="un_progress_pos" width="50" textalign="right" textcolor="#ff555555" />
	</HorizontalLayout>
	<Control />
	</VerticalLayout>
	</VerticalLayout>	
</Windows>