﻿<?xml version="1.0" encoding="utf-8"?>
<Windows>
   <VerticalLayout >
    <VerticalLayout width="310" height="320" bkimage="file='bgtop.png'">
	</VerticalLayout>
	<VerticalLayout bkcolor="#FFFAFAFA"   >	
	<HorizontalLayout padding="0,45,0,0" height="50" >
       <Control width="77" />    
	  <Button name="btn_uninstall"  normalimage="file='uninstall.png' source='0,0,68,27' " hotimage="file='uninstall.png' source='0,27,68,54'" pushedimage="file='uninstall.png' source='0,54,68,81'" width="68" height="27"/>
	  <Control width="25" />
	  <Button name="btn_cancle"  normalimage="file='cancel.png' source='0,0,68,27' " hotimage="file='cancel.png' source='0,27,68,54'" pushedimage="file='cancel.png' source='0,54,68,81'" width="68" height="27"/>
      <Control width="25" />
     </HorizontalLayout>
	</VerticalLayout>
 </VerticalLayout>
</Windows>